Workbook

Sheet Проект
A1: Параметр | B1: Ключ (читает Python) | C1: Описание | D1: Значение
A2: Название проекта | B2: project_name | C2: Используется в комментариях выходных .mct файлов | D2: Sochi_PK12
A3: g, м/с² | B3: gravity | C3: Ускорение свободного падения для пересчёта нагрузок в массы | D3: 9.806
A4: μ — коэффициент трения ОЧ | B4: mu | C4: Глобальный коэффициент трения для movable опорных частей | D4: 0.08
A6: * Python читает значения из столбца D по ключу из столбца B | C6: Цвет ячеек для заполнения
A7: * Все отметки Z — от низа ростверка (Z = 0 = подошва ростверка)
A8: * Сейсмическое воздействие (*SFUNCTION и др.) задаётся в Midas Civil вручную
A9: * Формулы на листе "Массы" должны быть пересчитаны в Excel перед запуском скрипта

Sheet Плеть
A1: Опора и отметки Z | E1: Опорная часть СПРАВА по ходу возрастания пикетажа | K1: Опорная часть СЛЕВА по ходу возрастания пикетажа
A2: Опора | B2: Отметки Z ОЧ СПРАВА по ходу возрастания пикетажа, м | E2: Опорная часть | H2: Нагрузки, тс | J2: Коэф. трения | K2: Опорная часть | N2: Нагрузки, тс | P2: Коэф. трения
A3: pier_name | B3: z_hinge | C3: z_cg | D3: z_road | E3: r_bearing_no | F3: r_bearing_X | G3: r_bearing_Y | H3: r_R_perm | I3: r_R_temp | J3: r_mu_X | K3: l_bearing_no | L3: l_bearing_X | M3: l_bearing_Y | N3: l_R_perm | O3: l_R_temp | P3: l_mu_X
A4: Имя опоры | B4: Z шарнира ОЧ, м | C4: Z ЦТ пролёта, м | D4: Z верха проезжей. части, м | E4: № ОЧ (1–4) | F4: Вдоль X fixed/movable | G4: Поперёк Y fixed/movable | H4: R пост., тс | I4: R врем., тс | J4: μ X (movable) | K4: № ОЧ (1–4) | L4: Вдоль X fixed/movable | M4: Поперёк Y fixed/movable | N4: R пост., тс | O4: R врем., тс | P4: μ X (movable)
A5: Плеть 1
A6: O1 | B6: 49.19 | C6: 51.45 | D6: 53.45 | E6: 1 | F6: movable | G6: fixed | H6: 950 | I6: 140 | J6: =IF($F6="fixed",1,Проект!$D$4) -> 0.08 | K6: 2 | L6: movable | M6: movable | N6: 870 | O6: 130 | P6: =IF($F6="fixed",1,Проект!$D$4) -> 0.08
A7: O2 | B7: 12.18 | C7: 14.23 | D7: 15.5 | E7: 1 | F7: fixed | G7: fixed | H7: 820 | I7: 110 | J7: =IF($F7="fixed",1,Проект!$D$4) -> 1 | K7: 2 | L7: fixed | M7: movable | N7: 647 | O7: 95 | P7: =IF($F7="fixed",1,Проект!$D$4) -> 1
A8: O3 | B8: 49.19 | C8: 51.45 | D8: 53.45 | E8: 1 | F8: movable | G8: fixed | H8: 950 | I8: 140 | J8: =IF($F8="fixed",1,Проект!$D$4) -> 0.08 | K8: 2 | L8: fixed | M8: movable | N8: 870 | O8: 130 | P8: =IF($F8="fixed",1,Проект!$D$4) -> 0.08
A9: Плеть 2
A10: O3 | B10: 12.18 | C10: 14.23 | D10: 15.5 | E10: 3 | F10: movable | G10: fixed | H10: 920 | I10: 150 | J10: =IF($F10="fixed",1,Проект!$D$4) -> 0.08 | K10: 4 | L10: movable | M10: movable | N10: 880 | O10: 120 | P10: =IF($F10="fixed",1,Проект!$D$4) -> 0.08
A11: O4 | B11: 12.18 | C11: 14.23 | D11: 15.5 | E11: 1 | F11: fixed | G11: fixed | H11: 820 | I11: 110 | J11: =IF($F11="fixed",1,Проект!$D$4) -> 1 | K11: 2 | L11: fixed | M11: movable | N11: 647 | O11: 95 | P11: =IF($F11="fixed",1,Проект!$D$4) -> 1
A12: O5 | B12: 49.19 | C12: 51.45 | D12: 53.45 | E12: 1 | F12: movable | G12: fixed | H12: 950 | I12: 140 | J12: =IF($F12="fixed",1,Проект!$D$4) -> 0.08 | K12: 2 | L12: movable | M12: movable | N12: 870 | O12: 130 | P12: =IF($F12="fixed",1,Проект!$D$4) -> 0.08
A15: * Одна строка = одна опора. Z-отметки (B,C,D) общие для правой и левой ОЧ. | F15: Не учтено, что может быть две неподвижные оч вдоль
A16: * Строку-разделитель "Плеть N" вставляйте перед первой опорой каждой плети.
A17: * bearing_X / bearing_Y: "fixed" или "movable". μ задаётся только для movable.

Sheet Массы
A1: Опора | E1: ОЧ СПРАВА — Постоянная нагрузка | O1: ОЧ СПРАВА — Временная нагрузка | X1: ОЧ СЛЕВА — Постоянная нагрузка | AH1: ОЧ СЛЕВА — Временная нагрузка
A2: Идентификация | E2: № ОЧ | F2: mX (п.8.3.23) | I2: mY (п.8.3.24) | L2: mZ (п.8.3.24) | O2: mX врем. | R2: mY врем. | U2: mZ врем. | X2: № ОЧ | Y2: mX (п.8.3.23) | AB2: mY (п.8.3.24) | AE2: mZ (п.8.3.24) | AH2: mX врем. | AK2: mY врем. | AN2: mZ врем.
A3: pier_name | B3: g | C3: plety_row_start | D3: plety_row_end | E3: r_bearing_no | F3: r_mx_R_perm | G3: r_mx_mass | H3: r_mx_z | I3: r_my_R_perm | J3: r_my_mass | K3: r_my_z | L3: r_mz_R_perm | M3: r_mz_mass | N3: r_mz_z | O3: r_mx_R_temp | P3: r_mx_t_mass | Q3: r_mx_t_z | R3: r_my_R_temp | S3: r_my_t_mass | T3: r_my_t_z | U3: r_mz_R_temp | V3: r_mz_t_mass | W3: r_mz_t_z | X3: l_bearing_no | Y3: l_mx_R_perm | Z3: l_mx_mass | AA3: l_mx_z | AB3: l_my_R_perm | AC3: l_my_mass | AD3: l_my_z | AE3: l_mz_R_perm | AF3: l_mz_mass | AG3: l_mz_z | AH3: l_mx_R_temp | AI3: l_mx_t_mass | AJ3: l_mx_t_z | AK3: l_my_R_temp | AL3: l_my_t_mass | AM3: l_my_t_z | AN3: l_mz_R_temp | AO3: l_mz_t_mass | AP3: l_mz_t_z
A4: Имя опоры | B4: g, м/с² | C4: Строка начала плети | D4: Строка конца плети | E4: № | F4: ΣR_пост плети, тс | G4: mX, тс·с²/м | H4: Z (z_hinge), м | I4: R_пост×μY опоры, тс | J4: mY, тс·с²/м | K4: Z (z_cg), м | L4: R_пост опоры, тс | M4: mZ, тс·с²/м | N4: Z (z_cg), м | O4: ΣR_врем плети, тс | P4: mX врем. | Q4: Z (z_hinge), м | R4: R_врем×μY опоры, тс | S4: mY врем. | T4: Z (z_road), м | U4: R_врем опоры, тс | V4: mZ врем. | W4: Z (z_road), м | X4: № | Y4: ΣR_пост плети, тс | Z4: mX, тс·с²/м | AA4: Z (z_hinge), м | AB4: R_пост×μY опоры, тс | AC4: mY, тс·с²/м | AD4: Z (z_cg), м | AE4: R_пост опоры, тс | AF4: mZ, тс·с²/м | AG4: Z (z_cg), м | AH4: ΣR_врем плети, тс | AI4: mX врем. | AJ4: Z (z_hinge), м | AK4: R_врем×μY опоры, тс | AL4: mY врем. | AM4: Z (z_road), м | AN4: R_врем опоры, тс | AO4: mZ врем. | AP4: Z (z_road), м
A5: O4 | B5: =Проект!$D$3 -> 9.806 | C5: 10 | D5: 12 | E5: =SUMPRODUCT((INDIRECT("Плеть!A"&$C5&":A"&$D5)=$A5)*INDIRECT("Плеть!e"&$C5&":e"&$D5)) -> 1 | F5: =IF(COUNTIFS(INDIRECT("Плеть!f"&$C5&":f"&$D5),"fixed",INDIRECT("Плеть!A"&$C5&":A"&$D5),$A5)>0,SUMIF(INDIRECT("Плеть!A"&$C5&":A"&$D5),"<>",INDIRECT("Плеть!h"&$C5&":h"&$D5)),SUMPRODUCT((INDIRECT("Плеть!A"&$C5&":A"&$D5)=$A5)*INDIRECT("Плеть!h"&$C5&":h"&$D5)*INDIRECT("Плеть!j"&$C5&":j"&$D5))) -> 2690 | G5: =F5/B5 -> 274.32184 | H5: =SUMPRODUCT((INDIRECT("Плеть!A"&$C5&":A"&$D5)=$A5)*INDIRECT("Плеть!b"&$C5&":b"&$D5)) -> 12.18 | I5: =SUMPRODUCT((INDIRECT("Плеть!A"&$C5&":A"&$D5)=$A5)*INDIRECT("Плеть!h"&$C5&":h"&$D5)) -> 820 | J5: =I5/B5 -> 83.622272 | K5: =SUMPRODUCT((INDIRECT("Плеть!A"&$C5&":A"&$D5)=$A5)*INDIRECT("Плеть!c"&$C5&":c"&$D5)) -> 14.23 | L5: =SUMPRODUCT((INDIRECT("Плеть!A"&$C5&":A"&$D5)=$A5)*INDIRECT("Плеть!h"&$C5&":h"&$D5)) -> 820 | M5: =L5/B5 -> 83.622272 | N5: =SUMPRODUCT((INDIRECT("Плеть!A"&$C5&":A"&$D5)=$A5)*INDIRECT("Плеть!c"&$C5&":c"&$D5)) -> 14.23 | O5: =IF(COUNTIFS(INDIRECT("Плеть!f"&$C5&":f"&$D5),"fixed",INDIRECT("Плеть!A"&$C5&":A"&$D5),$A5)>0,SUMIF(INDIRECT("Плеть!A"&$C5&":A"&$D5),"<>",INDIRECT("Плеть!i"&$C5&":i"&$D5)),SUMPRODUCT((INDIRECT("Плеть!A"&$C5&":A"&$D5)=$A5)*INDIRECT("Плеть!i"&$C5&":i"&$D5)*INDIRECT("Плеть!j"&$C5&":j"&$D5))) -> 400 | P5: =O5/B5 -> 40.791352 | Q5: =SUMPRODUCT((INDIRECT("Плеть!A"&$C5&":A"&$D5)=$A5)*INDIRECT("Плеть!b"&$C5&":b"&$D5)) -> 12.18 | R5: =SUMPRODUCT((INDIRECT("Плеть!A"&$C5&":A"&$D5)=$A5)*INDIRECT("Плеть!i"&$C5&":i"&$D5)) -> 110 | S5: =R5/B5 -> 11.217622 | T5: =SUMPRODUCT((INDIRECT("Плеть!A"&$C5&":A"&$D5)=$A5)*INDIRECT("Плеть!d"&$C5&":d"&$D5)) -> 15.5 | U5: =SUMPRODUCT((INDIRECT("Плеть!A"&$C5&":A"&$D5)=$A5)*INDIRECT("Плеть!i"&$C5&":i"&$D5)) -> 110 | V5: =U5/B5 -> 11.217622 | W5: =SUMPRODUCT((INDIRECT("Плеть!A"&$C5&":A"&$D5)=$A5)*INDIRECT("Плеть!d"&$C5&":d"&$D5)) -> 15.5 | X5: =SUMPRODUCT((INDIRECT("Плеть!A"&$C5&":A"&$D5)=$A5)*INDIRECT("Плеть!k"&$C5&":k"&$D5)) -> 2 | Y5: =IF(COUNTIFS(INDIRECT("Плеть!l"&$C5&":l"&$D5),"fixed",INDIRECT("Плеть!A"&$C5&":A"&$D5),$A5)>0,SUMIF(INDIRECT("Плеть!A"&$C5&":A"&$D5),"<>",INDIRECT("Плеть!n"&$C5&":n"&$D5)),SUMPRODUCT((INDIRECT("Плеть!A"&$C5&":A"&$D5)=$A5)*INDIRECT("Плеть!n"&$C5&":n"&$D5)*INDIRECT("Плеть!p"&$C5&":p"&$D5))) -> 2397 | Z5: =Y5/B5 -> 244.44218 | AA5: =H5 -> 12.18 | AB5: =SUMPRODUCT((INDIRECT("Плеть!A"&$C5&":A"&$D5)=$A5)*INDIRECT("Плеть!n"&$C5&":n"&$D5)) -> 647 | AC5: =AB5/B5 -> 65.980012 | AD5: =K5 -> 14.23 | AE5: =SUMPRODUCT((INDIRECT("Плеть!A"&$C5&":A"&$D5)=$A5)*INDIRECT("Плеть!n"&$C5&":n"&$D5)) -> 647 | AF5: =AE5/B5 -> 65.980012 | AG5: =N5 -> 14.23 | AH5: =IF(COUNTIFS(INDIRECT("Плеть!l"&$C5&":l"&$D5),"fixed",INDIRECT("Плеть!A"&$C5&":A"&$D5),$A5)>0,SUMIF(INDIRECT("Плеть!A"&$C5&":A"&$D5),"<>",INDIRECT("Плеть!o"&$C5&":o"&$D5)),SUMPRODUCT((INDIRECT("Плеть!A"&$C5&":A"&$D5)=$A5)*INDIRECT("Плеть!o"&$C5&":o"&$D5)*INDIRECT("Плеть!p"&$C5&":p"&$D5))) -> 345 | AI5: =AH5/B5 -> 35.182541 | AJ5: =Q5 -> 12.18 | AK5: =SUMPRODUCT((INDIRECT("Плеть!A"&$C5&":A"&$D5)=$A5)*INDIRECT("Плеть!o"&$C5&":o"&$D5)) -> 95 | AL5: =AK5/B5 -> 9.6879462 | AM5: =T5 -> 15.5 | AN5: =SUMPRODUCT((INDIRECT("Плеть!A"&$C5&":A"&$D5)=$A5)*INDIRECT("Плеть!o"&$C5&":o"&$D5)) -> 95 | AO5: =AN5/B5 -> 9.6879462 | AP5: =W5 -> 15.5
A6: O3 | B6: =Проект!$D$3 -> 9.806 | C6: 6 | D6: 8 | E6: =SUMPRODUCT((INDIRECT("Плеть!A"&$C6&":A"&$D6)=$A6)*INDIRECT("Плеть!e"&$C6&":e"&$D6)) -> 1 | F6: =IF(COUNTIFS(INDIRECT("Плеть!f"&$C6&":f"&$D6),"fixed",INDIRECT("Плеть!A"&$C6&":A"&$D6),$A6)>0,SUMIF(INDIRECT("Плеть!A"&$C6&":A"&$D6),"<>",INDIRECT("Плеть!h"&$C6&":h"&$D6)),SUMPRODUCT((INDIRECT("Плеть!A"&$C6&":A"&$D6)=$A6)*INDIRECT("Плеть!h"&$C6&":h"&$D6)*INDIRECT("Плеть!j"&$C6&":j"&$D6))) -> 76 | G6: =F6/B6 -> 7.7503569 | H6: =SUMPRODUCT((INDIRECT("Плеть!A"&$C6&":A"&$D6)=$A6)*INDIRECT("Плеть!b"&$C6&":b"&$D6)) -> 49.19 | I6: =SUMPRODUCT((INDIRECT("Плеть!A"&$C6&":A"&$D6)=$A6)*INDIRECT("Плеть!h"&$C6&":h"&$D6)) -> 950 | J6: =I6/B6 -> 96.879462 | K6: =SUMPRODUCT((INDIRECT("Плеть!A"&$C6&":A"&$D6)=$A6)*INDIRECT("Плеть!c"&$C6&":c"&$D6)) -> 51.45 | L6: =SUMPRODUCT((INDIRECT("Плеть!A"&$C6&":A"&$D6)=$A6)*INDIRECT("Плеть!h"&$C6&":h"&$D6)) -> 950 | M6: =L6/B6 -> 96.879462 | N6: =SUMPRODUCT((INDIRECT("Плеть!A"&$C6&":A"&$D6)=$A6)*INDIRECT("Плеть!c"&$C6&":c"&$D6)) -> 51.45 | O6: =IF(COUNTIFS(INDIRECT("Плеть!f"&$C6&":f"&$D6),"fixed",INDIRECT("Плеть!A"&$C6&":A"&$D6),$A6)>0,SUMIF(INDIRECT("Плеть!A"&$C6&":A"&$D6),"<>",INDIRECT("Плеть!i"&$C6&":i"&$D6)),SUMPRODUCT((INDIRECT("Плеть!A"&$C6&":A"&$D6)=$A6)*INDIRECT("Плеть!i"&$C6&":i"&$D6)*INDIRECT("Плеть!j"&$C6&":j"&$D6))) -> 11.2 | P6: =O6/B6 -> 1.1421579 | Q6: =SUMPRODUCT((INDIRECT("Плеть!A"&$C6&":A"&$D6)=$A6)*INDIRECT("Плеть!b"&$C6&":b"&$D6)) -> 49.19 | R6: =SUMPRODUCT((INDIRECT("Плеть!A"&$C6&":A"&$D6)=$A6)*INDIRECT("Плеть!i"&$C6&":i"&$D6)) -> 140 | S6: =R6/B6 -> 14.276973 | T6: =SUMPRODUCT((INDIRECT("Плеть!A"&$C6&":A"&$D6)=$A6)*INDIRECT("Плеть!d"&$C6&":d"&$D6)) -> 53.45 | U6: =SUMPRODUCT((INDIRECT("Плеть!A"&$C6&":A"&$D6)=$A6)*INDIRECT("Плеть!i"&$C6&":i"&$D6)) -> 140 | V6: =U6/B6 -> 14.276973 | W6: =SUMPRODUCT((INDIRECT("Плеть!A"&$C6&":A"&$D6)=$A6)*INDIRECT("Плеть!d"&$C6&":d"&$D6)) -> 53.45 | X6: =SUMPRODUCT((INDIRECT("Плеть!A"&$C6&":A"&$D6)=$A6)*INDIRECT("Плеть!k"&$C6&":k"&$D6)) -> 2 | Y6: =IF(COUNTIFS(INDIRECT("Плеть!l"&$C6&":l"&$D6),"fixed",INDIRECT("Плеть!A"&$C6&":A"&$D6),$A6)>0,SUMIF(INDIRECT("Плеть!A"&$C6&":A"&$D6),"<>",INDIRECT("Плеть!n"&$C6&":n"&$D6)),SUMPRODUCT((INDIRECT("Плеть!A"&$C6&":A"&$D6)=$A6)*INDIRECT("Плеть!n"&$C6&":n"&$D6)*INDIRECT("Плеть!p"&$C6&":p"&$D6))) -> 2387 | Z6: =Y6/B6 -> 243.42239 | AA6: =H6 -> 49.19 | AB6: =SUMPRODUCT((INDIRECT("Плеть!A"&$C6&":A"&$D6)=$A6)*INDIRECT("Плеть!n"&$C6&":n"&$D6)) -> 870 | AC6: =AB6/B6 -> 88.721191 | AD6: =K6 -> 51.45 | AE6: =SUMPRODUCT((INDIRECT("Плеть!A"&$C6&":A"&$D6)=$A6)*INDIRECT("Плеть!n"&$C6&":n"&$D6)) -> 870 | AF6: =AE6/B6 -> 88.721191 | AG6: =N6 -> 51.45 | AH6: =IF(COUNTIFS(INDIRECT("Плеть!l"&$C6&":l"&$D6),"fixed",INDIRECT("Плеть!A"&$C6&":A"&$D6),$A6)>0,SUMIF(INDIRECT("Плеть!A"&$C6&":A"&$D6),"<>",INDIRECT("Плеть!o"&$C6&":o"&$D6)),SUMPRODUCT((INDIRECT("Плеть!A"&$C6&":A"&$D6)=$A6)*INDIRECT("Плеть!o"&$C6&":o"&$D6)*INDIRECT("Плеть!p"&$C6&":p"&$D6))) -> 355 | AI6: =AH6/B6 -> 36.202325 | AJ6: =Q6 -> 49.19 | AK6: =SUMPRODUCT((INDIRECT("Плеть!A"&$C6&":A"&$D6)=$A6)*INDIRECT("Плеть!o"&$C6&":o"&$D6)) -> 130 | AL6: =AK6/B6 -> 13.257189 | AM6: =T6 -> 53.45 | AN6: =SUMPRODUCT((INDIRECT("Плеть!A"&$C6&":A"&$D6)=$A6)*INDIRECT("Плеть!o"&$C6&":o"&$D6)) -> 130 | AO6: =AN6/B6 -> 13.257189 | AP6: =W6 -> 53.45
A7: O3 | B7: =Проект!$D$3 -> 9.806 | C7: 10 | D7: 12 | E7: =SUMPRODUCT((INDIRECT("Плеть!A"&$C7&":A"&$D7)=$A7)*INDIRECT("Плеть!e"&$C7&":e"&$D7)) -> 3 | F7: =IF(COUNTIFS(INDIRECT("Плеть!f"&$C7&":f"&$D7),"fixed",INDIRECT("Плеть!A"&$C7&":A"&$D7),$A7)>0,SUMIF(INDIRECT("Плеть!A"&$C7&":A"&$D7),"<>",INDIRECT("Плеть!h"&$C7&":h"&$D7)),SUMPRODUCT((INDIRECT("Плеть!A"&$C7&":A"&$D7)=$A7)*INDIRECT("Плеть!h"&$C7&":h"&$D7)*INDIRECT("Плеть!j"&$C7&":j"&$D7))) -> 73.6 | G7: =F7/B7 -> 7.5056088 | H7: =SUMPRODUCT((INDIRECT("Плеть!A"&$C7&":A"&$D7)=$A7)*INDIRECT("Плеть!b"&$C7&":b"&$D7)) -> 12.18 | I7: =SUMPRODUCT((INDIRECT("Плеть!A"&$C7&":A"&$D7)=$A7)*INDIRECT("Плеть!h"&$C7&":h"&$D7)) -> 920 | J7: =I7/B7 -> 93.82011 | K7: =SUMPRODUCT((INDIRECT("Плеть!A"&$C7&":A"&$D7)=$A7)*INDIRECT("Плеть!c"&$C7&":c"&$D7)) -> 14.23 | L7: =SUMPRODUCT((INDIRECT("Плеть!A"&$C7&":A"&$D7)=$A7)*INDIRECT("Плеть!h"&$C7&":h"&$D7)) -> 920 | M7: =L7/B7 -> 93.82011 | N7: =SUMPRODUCT((INDIRECT("Плеть!A"&$C7&":A"&$D7)=$A7)*INDIRECT("Плеть!c"&$C7&":c"&$D7)) -> 14.23 | O7: =IF(COUNTIFS(INDIRECT("Плеть!f"&$C7&":f"&$D7),"fixed",INDIRECT("Плеть!A"&$C7&":A"&$D7),$A7)>0,SUMIF(INDIRECT("Плеть!A"&$C7&":A"&$D7),"<>",INDIRECT("Плеть!i"&$C7&":i"&$D7)),SUMPRODUCT((INDIRECT("Плеть!A"&$C7&":A"&$D7)=$A7)*INDIRECT("Плеть!i"&$C7&":i"&$D7)*INDIRECT("Плеть!j"&$C7&":j"&$D7))) -> 12 | P7: =O7/B7 -> 1.2237406 | Q7: =SUMPRODUCT((INDIRECT("Плеть!A"&$C7&":A"&$D7)=$A7)*INDIRECT("Плеть!b"&$C7&":b"&$D7)) -> 12.18 | R7: =SUMPRODUCT((INDIRECT("Плеть!A"&$C7&":A"&$D7)=$A7)*INDIRECT("Плеть!i"&$C7&":i"&$D7)) -> 150 | S7: =R7/B7 -> 15.296757 | T7: =SUMPRODUCT((INDIRECT("Плеть!A"&$C7&":A"&$D7)=$A7)*INDIRECT("Плеть!d"&$C7&":d"&$D7)) -> 15.5 | U7: =SUMPRODUCT((INDIRECT("Плеть!A"&$C7&":A"&$D7)=$A7)*INDIRECT("Плеть!i"&$C7&":i"&$D7)) -> 150 | V7: =U7/B7 -> 15.296757 | W7: =SUMPRODUCT((INDIRECT("Плеть!A"&$C7&":A"&$D7)=$A7)*INDIRECT("Плеть!d"&$C7&":d"&$D7)) -> 15.5 | X7: =SUMPRODUCT((INDIRECT("Плеть!A"&$C7&":A"&$D7)=$A7)*INDIRECT("Плеть!k"&$C7&":k"&$D7)) -> 4 | Y7: =IF(COUNTIFS(INDIRECT("Плеть!l"&$C7&":l"&$D7),"fixed",INDIRECT("Плеть!A"&$C7&":A"&$D7),$A7)>0,SUMIF(INDIRECT("Плеть!A"&$C7&":A"&$D7),"<>",INDIRECT("Плеть!n"&$C7&":n"&$D7)),SUMPRODUCT((INDIRECT("Плеть!A"&$C7&":A"&$D7)=$A7)*INDIRECT("Плеть!n"&$C7&":n"&$D7)*INDIRECT("Плеть!p"&$C7&":p"&$D7))) -> 70.4 | Z7: =Y7/B7 -> 7.179278 | AA7: =H7 -> 12.18 | AB7: =SUMPRODUCT((INDIRECT("Плеть!A"&$C7&":A"&$D7)=$A7)*INDIRECT("Плеть!n"&$C7&":n"&$D7)) -> 880 | AC7: =AB7/B7 -> 89.740975 | AD7: =K7 -> 14.23 | AE7: =SUMPRODUCT((INDIRECT("Плеть!A"&$C7&":A"&$D7)=$A7)*INDIRECT("Плеть!n"&$C7&":n"&$D7)) -> 880 | AF7: =AE7/B7 -> 89.740975 | AG7: =N7 -> 14.23 | AH7: =IF(COUNTIFS(INDIRECT("Плеть!l"&$C7&":l"&$D7),"fixed",INDIRECT("Плеть!A"&$C7&":A"&$D7),$A7)>0,SUMIF(INDIRECT("Плеть!A"&$C7&":A"&$D7),"<>",INDIRECT("Плеть!o"&$C7&":o"&$D7)),SUMPRODUCT((INDIRECT("Плеть!A"&$C7&":A"&$D7)=$A7)*INDIRECT("Плеть!o"&$C7&":o"&$D7)*INDIRECT("Плеть!p"&$C7&":p"&$D7))) -> 9.6 | AI7: =AH7/B7 -> 0.97899245 | AJ7: =Q7 -> 12.18 | AK7: =SUMPRODUCT((INDIRECT("Плеть!A"&$C7&":A"&$D7)=$A7)*INDIRECT("Плеть!o"&$C7&":o"&$D7)) -> 120 | AL7: =AK7/B7 -> 12.237406 | AM7: =T7 -> 15.5 | AN7: =SUMPRODUCT((INDIRECT("Плеть!A"&$C7&":A"&$D7)=$A7)*INDIRECT("Плеть!o"&$C7&":o"&$D7)) -> 120 | AO7: =AN7/B7 -> 12.237406 | AP7: =W7 -> 15.5
A9: * C/D = строки начала и конца плети на листе "Плеть". Одна строка на опору -> C = D.
A10: * Z-отметки общие для обеих ОЧ — берутся из столбцов B/C/D листа "Плеть".
A11: * mX: bearing_X="fixed" -> ΣR_пост всей плети/g; "movable" -> ΣR_пост×μX/g.
A12: * mY=R_пост×μY/g (z_cg). mZ=R_пост/g (z_cg). Временные — к z_road.
A13: * Зелёные ячейки считаются автоматически. Копируйте строку 5 для каждой новой опоры.

Sheet Опоры
A1: Считать? | B1: Опора | H1: Офсеты нумерации | T1: Ростверк (до 2 зон) | AD1: Стойка (до 3 зон) | AR1: Ригель (до 4 зон) | BJ1: Рамка 1 | BX1: Рамка 2 (пусто = 1 рамка) | CL1: Перенос и поворот
A2: calculate | B2: pier_name | C2: geom_source | D2: plety_row_start | E2: plety_row_end | F2: mct_path | G2: pile_mct_path | H2: node_offset_cap | I2: elem_offset_cap | J2: node_offset_col | K2: elem_offset_col | L2: node_offset_beam | M2: elem_offset_beam | N2: node_offset_frame1 | O2: elem_offset_frame1 | P2: node_offset_frame2 | Q2: elem_offset_frame2 | R2: node_offset_piles | S2: elem_offset_piles | T2: cap_z_top | U2: cap_step | V2: cap_mat | W2: cap_sec_1 | X2: cap_sec_1_ts_group | Y2: cap_sec_1_ts_no | Z2: cap_sec_1_z_top | AA2: cap_sec_2 | AB2: cap_sec_2_ts_group | AC2: cap_sec_2_ts_no | AD2: col_z_top | AE2: col_step | AF2: col_mat | AG2: col_sec_1 | AH2: col_sec_1_ts_group | AI2: col_sec_1_ts_no | AJ2: col_sec_1_z_top | AK2: col_sec_2 | AL2: col_sec_2_ts_group | AM2: col_sec_2_ts_no | AN2: col_sec_2_z_top | AO2: col_sec_3 | AP2: col_sec_3_ts_group | AQ2: col_sec_3_ts_no | AR2: beam_z_top | AS2: beam_step | AT2: beam_mat | AU2: beam_sec_1 | AV2: beam_sec_1_ts_group | AW2: beam_sec_1_ts_no | AX2: beam_sec_1_z_top | AY2: beam_sec_2 | AZ2: beam_sec_2_ts_group | BA2: beam_sec_2_ts_no | BB2: beam_sec_2_z_top | BC2: beam_sec_3 | BD2: beam_sec_3_ts_group | BE2: beam_sec_3_ts_no | BF2: beam_sec_3_z_top | BG2: beam_sec_4 | BH2: beam_sec_4_ts_group | BI2: beam_sec_4_ts_no | BJ2: f1_x | BK2: f1_r_pad_y | BL2: f1_l_pad_y | BM2: f1_pad_z_bot | BN2: f1_pad_z_top | BO2: f1_pad_sec | BP2: f1_pad_mat | BQ2: f1_bear_z_bot | BR2: f1_bear_sec | BS2: f1_bear_mat | BT2: f1_frame_sec | BU2: f1_frame_mat | BV2: f1_num_bearings | BW2: f1_shared_pad | BX2: f2_x | BY2: f2_r_pad_y | BZ2: f2_l_pad_y | CA2: f2_pad_z_bot | CB2: f2_pad_z_top | CC2: f2_pad_sec | CD2: f2_pad_mat | CE2: f2_bear_z_bot | CF2: f2_bear_sec | CG2: f2_bear_mat | CH2: f2_frame_sec | CI2: f2_frame_mat | CJ2: f2_num_bearings | CK2: f2_shared_pad | CL2: shift_x | CM2: shift_y | CN2: shift_z | CO2: rotation_angle
A3: да / нет | B3: Имя опоры | C3: parametric / mct | D3: Строка начала плети | E3: Строка конца плети | F3: Путь к .mct тела (если mct) | G3: Путь к .mct свай | H3: Узлы ростверка | I3: Эл-ты ростверка | J3: Узлы стойки | K3: Эл-ты стойки | L3: Узлы ригеля | M3: Эл-ты ригеля | N3: Узлы рамки 1 | O3: Эл-ты рамки 1 | P3: Узлы рамки 2 | Q3: Эл-ты рамки 2 | R3: Узлы свай | S3: Эл-ты свай | T3: Z верха ростверка, м | U3: Шаг, м | V3: № мат. | W3: № сеч. зоны 1 | X3: TS-GROUP зоны 1 | Y3: № группы 1 | Z3: Z верха зоны 1 | AA3: № сеч. зоны 2 | AB3: TS-GROUP зоны 2 | AC3: № группы 2 | AD3: Z верха стойки, м | AE3: Шаг, м | AF3: № мат. | AG3: № сеч. зоны 1 | AH3: TS-GROUP зоны 1 | AI3: № группы 1 | AJ3: Z верха зоны 1 | AK3: № сеч. зоны 2 | AL3: TS-GROUP зоны 2 | AM3: № группы 2 | AN3: Z верха зоны 2 | AO3: № сеч. зоны 3 | AP3: TS-GROUP зоны 3 | AQ3: № группы 3 | AR3: Z верха ригеля, м | AS3: Шаг, м | AT3: № мат. | AU3: № сеч. зоны 1 | AV3: TS-GROUP зоны 1 | AW3: № группы 1 | AX3: Z верха зоны 1 | AY3: № сеч. зоны 2 | AZ3: TS-GROUP зоны 2 | BA3: № группы 2 | BB3: Z верха зоны 2 | BC3: № сеч. зоны 3 | BD3: TS-GROUP зоны 3 | BE3: № группы 3 | BF3: Z верха зоны 3 | BG3: № сеч. зоны 4 | BH3: TS-GROUP зоны 4 | BI3: № группы 4 | BJ3: X рамки 1, м | BK3: Y правого подф., м | BL3: Y левого подф., м | BM3: Z низа подф. (= верх ригеля) | BN3: Z верха подф. (= bear_z_bot) | BO3: № сеч. подф. | BP3: № мат. подф. | BQ3: Z низа оп.ч. (= pad_z_top) | BR3: № сеч. оп.части | BS3: № мат. оп.части | BT3: № сеч. рамки | BU3: № мат. рамки | BV3: Оп.частей на подф. (1/2) | BW3: Общий подф. с рамкой 2 (да/нет) | BX3: X рамки 2, м | BY3: Y правого подф., м | BZ3: Y левого подф., м | CA3: Z низа подф. | CB3: Z верха подф. | CC3: № сеч. подф. | CD3: № мат. подф. | CE3: Z низа оп.ч. | CF3: № сеч. оп.части | CG3: № мат. оп.части | CH3: № сеч. рамки | CI3: № мат. рамки | CJ3: Оп.частей на подф. (1/2) | CK3: Общий подф. с рамкой 1 (да/нет) | CL3: Перенос по x, м | CM3: Перенос по y, м | CN3: Перенос по z, м | CO3: Угол поворота (положительное направление против часовой стрелки, если смотрим сверху), град
A4: да | B4: O4 | C4: mct | D4: 10 | E4: 12 | F4: o4.mct | G4: o4_6.mct | H4: 1 | I4: 1 | J4: 101 | K4: 101 | L4: 201 | M4: 201 | N4: 301 | O4: 301 | R4: 1001 | S4: 1001 | T4: 2 | U4: 0.5 | V4: 2 | W4: 6 | X4: да | Y4: 1 | AB4: нет | AD4: 10.01 | AE4: 0.5 | AF4: 3 | AG4: 1 | AH4: нет | AL4: нет | AP4: нет | AR4: 11.51 | AS4: 0.4 | AT4: 3 | AU4: 4 | AV4: нет | AX4: 10.81 | AY4: 3 | AZ4: нет | BB4: 11.21 | BC4: 5 | BD4: нет | BH4: нет | BJ4: 0 | BK4: 1.9 | BL4: 2 | BM4: =AR4 -> 11.51 | BN4: 11.88 | BO4: 7 | BP4: 1 | BQ4: =BN4 -> 11.88 | BR4: 8 | BS4: 4 | BT4: 11 | BU4: 4 | BV4: 1 | BW4: нет | BY4: 1.9 | BZ4: 2 | CL4: 2 | CM4: 4 | CN4: 5 | CO4: 10
A5: нет | B5: O3 | C5: parametric | D5: 10 | E5: 12 | G5: o4_6.mct | H5: 1 | I5: 1 | J5: 101 | K5: 101 | L5: 201 | M5: 201 | N5: 301 | O5: 301 | P5: 401 | Q5: 401 | R5: 1001 | S5: 1001 | T5: 2 | U5: 0.5 | V5: 2 | W5: 6 | X5: да | Y5: 1 | AB5: нет | AD5: 10.09 | AE5: 0.5 | AF5: 3 | AG5: 1 | AH5: нет | AL5: нет | AP5: нет | AR5: 11.51 | AS5: 0.4 | AT5: 3 | AU5: 4 | AV5: нет | AX5: 10.81 | AY5: 3 | AZ5: нет | BB5: 11.21 | BC5: 5 | BD5: нет | BH5: нет | BJ5: 1 | BK5: 1 | BL5: -1.5 | BM5: =AR5 -> 11.51 | BN5: 11.88 | BO5: 7 | BP5: 1 | BQ5: =BN5 -> 11.88 | BR5: 8 | BS5: 4 | BT5: 11 | BU5: 4 | BV5: 1 | BW5: нет | BX5: -1 | BY5: 2 | BZ5: -2.5 | CA5: =AR5 -> 11.51 | CB5: 11.88 | CC5: 10 | CD5: 2 | CE5: =CB5 -> 11.88 | CF5: 8 | CG5: 4 | CH5: 11 | CI5: 4 | CJ5: 1 | CK5: нет | CL5: 1 | CM5: 2 | CN5: 0 | CO5: 15
F6: не выдает ошибку, если нет пути
B7: * f1_shared_pad = "да" → подферменники рамок 1 и 2 общие (один узел на стыке), как в О6 | F7: не сделан случай, когда по mct считается?
B8: * f1_num_bearings: 1 = на один подферменник опирается одна оп. часть; 2 = две оп. части соседних рамок
B9: * Структура рамки снизу вверх: подф. → оп.часть → вертикаль (z_hinge→z_cg) → горизонталь 1 (z_cg)
B10: * В схеме with_temp добавляются: вертикаль 2 (z_cg→z_road) + горизонталь 2 (z_road)
B11: * Все элементы рамки (вертикали + горизонтали) имеют одно сечение f{N}_frame_sec и материал f{N}_frame_mat
B12: * RigidLink: мастер = ось ригеля на pad_z_bot, слейвы = нижние узлы подф. обеих рамок
B13: * FRAME-RLS (шарниры) ставятся на элементы опорных частей (bear), а не подферменников
B14: * Серые ячейки — необязательные; для 1 рамки все поля f2_* оставьте пустыми

Sheet Грунт
A1: Опора | B1: Площади сечений элементов, м² (для масс воды и разжижения) | N1: Ширина сечений элементов, м для бокового давления грунта | T1: Разжиженный грунт | X1: Боковое давление грунта | AF1: Масса воды | AI1: Нагрузка от грунта на ростверк
A2: pier_name | B2: cap_area_sec_1_top | C2: cap_area_sec_1_bot | D2: cap_area_sec_2_top | E2: cap_area_sec_2_bot | F2: col_area_sec_1_top | G2: col_area_sec_1_bot | H2: col_area_sec_2_top | I2: col_area_sec_2_bot | J2: col_area_sec_1_top | K2: col_area_sec_1_bot | L2: pile_area_top | M2: pile_area_bot | N2: cap_sec_1_width | O2: cap_sec_2_width | P2: col_sec_1_width | Q2: col_sec_2_width | R2: col_sec_3_width | S2: pile_width | T2: liq_present | U2: liq_z_top | V2: liq_z_bot | W2: liq_gamma | X2: y_pressure_present | Y2: y_pres_z_surf | Z2: y_pres_z_bot | AA2: z_pressure_present | AB2: z_pres_z_surf | AC2: z_pres_z_bot | AD2: pres_gamma | AE2: pres_phi | AF2: water_present | AG2: water_z_top | AH2: water_z_bot | AI2: soil_on_cap_present | AJ2: soil_on_cap_gamma | AK2: soil_on_cap_h
A3: Имя опоры | B3: S ростверка вверху (1 зона), м² | C3: S ростверка внизу (1 зона), м² | D3: S ростверка вверху (2 зона), м² | E3: S ростверка внизу (2 зона), м² | F3: S стойки вверху (1 зона), м² | G3: S стойки внизу (1 зона), м² | H3: S стойки вверху (2 зона), м² | I3: S стойки внизу (2 зона), м² | J3: S стойки вверху (3 зона), м² | K3: S стойки внизу (3 зона), м² | L3: S сваи вверху, м² | M3: S сваи внизу, м² | N3: Ширина ростверка (1 зона), м | O3: Ширина ростверка (2 зона), м | P3: Ширина стойки (1 зона), м | Q3: Ширина стойки (2 зона), м | R3: Ширина стойки (3 зона), м | S3: Ширина сваи, м | T3: Разжижение (да/нет) | U3: Z верха слоя разжижения, м | V3: Z низа слоя разжижения, м | W3: γ разж., тс/м³ | X3: Давление по локальной оси y (да/нет) | Y3: Z поверхн. грунта, м | Z3: Z низа эпюры, м | AA3: Давление по локальной оси z (да/нет) | AB3: Z поверхн. грунта, м | AC3: Z низа эпюры, м | AD3: γ грунта, тс/м³ | AE3: φ, ° | AF3: Вода (да/нет) | AG3: Z верха слоя воды, м | AH3: Z низа слоя воды, м | AI3: Нагрузка от грунта на ростверк (да/нет) | AJ3: γ грунта, тс/м³ | AK3: h грунта над ростверком, м
A4: O4 | B4: 1 | C4: 1 | D4: 1 | E4: 1 | F4: 1 | G4: 1 | H4: 1 | I4: 1 | J4: 1 | K4: 1 | L4: 1 | M4: 1 | N4: 1 | O4: 1 | P4: 1 | Q4: 1 | R4: 1 | S4: 1 | T4: нет | X4: нет | Y4: 5 | Z4: 0 | AA4: нет | AB4: 5 | AC4: 0 | AD4: 1.8 | AE4: 30 | AF4: нет | AI4: нет
A5: O3 | B5: 2 | C5: 2 | D5: 2 | E5: 2 | F5: 1 | G5: 1 | H5: 1 | I5: 1 | J5: 1 | K5: 1 | L5: 1 | M5: 1 | N5: 1 | O5: 1 | P5: 1 | Q5: 1 | R5: 1 | S5: 1 | T5: да | U5: 4 | V5: 0 | W5: 2 | X5: да | Y5: 5 | Z5: 0 | AA5: да | AB5: 5 | AC5: 0 | AD5: 1.8 | AE5: 30 | AF5: да | AG5: 5 | AH5: 4 | AI5: да | AJ5: 2 | AK5: 2
A6: * Площади сечений: задаются в верхней и нижней точке каждой части; используются для масс воды и разжиженного грунта
A7: * Масса воды/разжижения: S центра элемента = линейная интерполяция S_bot→S_top; m = γ × S_центра × L / g → mX, mY к верхнему узлу
A8: * Зона разжижения может захватывать элементы разных частей; площадь интерполируется из liq_area_bot/top по всей зоне
A9: * q давления: q(z) = γ × (z_surf − z) × tan²(45° − φ/2) × b, тс/м → BEAMLOAD TRAP GX на подземные элементы
A10: * Нагрузка от грунта на ростверк: F = soil_on_cap_gamma × soil_on_cap_h × cap_area_top → CONLOAD FZ вниз в верхний узел ростверка

Sheet Справка
A1: СПРАВКА — mct_generator.py
A3: ЗАПУСК
A4: python mct_generator.py seismic_input.xlsx [папка_вывода]
A5: Для каждой опоры генерируются два файла:
A6: {pier_name}_no_temp.mct — без временной нагрузки
A7: {pier_name}_with_temp.mct — с временной нагрузкой
A8: Сейсмическое воздействие (*SFUNCTION, *SPLDCASE, *EIGEN-CTRL, *LOADCOMB) задаётся в Midas Civil вручную.
A10: ЦВЕТА ЯЧЕЕК
A11: Синие — обязательный ввод пользователя.
A12: Серые — необязательные поля (пусто = не используется).
A13: Зелёные — вычисляются автоматически по формулам Excel.
A15: ЛИСТ «ПРОЕКТ»
... A115: movable Y → дополнительно Fy (бит 1) на верхнем конце (конец j).
